"iso2c","date","join_year","region","youth_unemp_rate","real_gdp_growth","Measure","epl_index"
"ES",2005-01-01,2005,"Periphery",21.19795,0.88957563602996,"Individual and collective dismissals (regular contracts)",2.357142925
"ES",2005-01-01,2005,"Periphery",21.19795,0.88957563602996,"Temporary contracts",3.25
"ES",2005-04-01,2005,"Periphery",20.10554,0.883566047023265,"Individual and collective dismissals (regular contracts)",2.357142925
"ES",2005-04-01,2005,"Periphery",20.10554,0.883566047023265,"Temporary contracts",3.25
"ES",2005-07-01,2005,"Periphery",18.7379,0.953241862047882,"Individual and collective dismissals (regular contracts)",2.357142925
"ES",2005-07-01,2005,"Periphery",18.7379,0.953241862047882,"Temporary contracts",3.25
"ES",2005-10-01,2005,"Periphery",18.47747,0.982141101575351,"Individual and collective dismissals (regular contracts)",2.357142925
"ES",2005-10-01,2005,"Periphery",18.47747,0.982141101575351,"Temporary contracts",3.25
"ES",2006-01-01,2006,"Periphery",18.39299,1.1567148884069,"Individual and collective dismissals (regular contracts)",2.357142925
"ES",2006-01-01,2006,"Periphery",18.39299,1.1567148884069,"Temporary contracts",3.25
"ES",2006-04-01,2006,"Periphery",18.06395,0.896006910489433,"Individual and collective dismissals (regular contracts)",2.357142925
"ES",2006-04-01,2006,"Periphery",18.06395,0.896006910489433,"Temporary contracts",3.25
"ES",2006-07-01,2006,"Periphery",17.32014,0.939623766254272,"Individual and collective dismissals (regular contracts)",2.357142925
"ES",2006-07-01,2006,"Periphery",17.32014,0.939623766254272,"Temporary contracts",3.25
"ES",2006-10-01,2006,"Periphery",17.77675,0.926350063557813,"Individual and collective dismissals (regular contracts)",2.357142925
"ES",2006-10-01,2006,"Periphery",17.77675,0.926350063557813,"Temporary contracts",3.25
"ES",2007-01-01,2007,"Periphery",17.39572,0.904754433061683,"Individual and collective dismissals (regular contracts)",2.357142925
"ES",2007-01-01,2007,"Periphery",17.39572,0.904754433061683,"Temporary contracts",3
"ES",2007-04-01,2007,"Periphery",17.78777,0.873793941709344,"Individual and collective dismissals (regular contracts)",2.357142925
"ES",2007-04-01,2007,"Periphery",17.78777,0.873793941709344,"Temporary contracts",3
"ES",2007-07-01,2007,"Periphery",18.19843,0.74668462113614,"Individual and collective dismissals (regular contracts)",2.357142925
"ES",2007-07-01,2007,"Periphery",18.19843,0.74668462113614,"Temporary contracts",3
"ES",2007-10-01,2007,"Periphery",18.97894,0.608940760945487,"Individual and collective dismissals (regular contracts)",2.357142925
"ES",2007-10-01,2007,"Periphery",18.97894,0.608940760945487,"Temporary contracts",3
"ES",2008-01-01,2008,"Periphery",20.62166,0.186696764371774,"Individual and collective dismissals (regular contracts)",2.357142925
"ES",2008-01-01,2008,"Periphery",20.62166,0.186696764371774,"Temporary contracts",3
"ES",2008-04-01,2008,"Periphery",22.9351,0.035276062247469,"Individual and collective dismissals (regular contracts)",2.357142925
"ES",2008-04-01,2008,"Periphery",22.9351,0.035276062247469,"Temporary contracts",3
"ES",2008-07-01,2008,"Periphery",24.9179,-0.211878940990751,"Individual and collective dismissals (regular contracts)",2.357142925
"ES",2008-07-01,2008,"Periphery",24.9179,-0.211878940990751,"Temporary contracts",3
"ES",2008-10-01,2008,"Periphery",29.37111,-1.56285558991343,"Individual and collective dismissals (regular contracts)",2.357142925
"ES",2008-10-01,2008,"Periphery",29.37111,-1.56285558991343,"Temporary contracts",3
"ES",2009-01-01,2009,"Periphery",34.65117,-2.7106812529512,"Individual and collective dismissals (regular contracts)",2.357142925
"ES",2009-01-01,2009,"Periphery",34.65117,-2.7106812529512,"Temporary contracts",3
"ES",2009-04-01,2009,"Periphery",37.37905,0.0657139776361504,"Individual and collective dismissals (regular contracts)",2.357142925
"ES",2009-04-01,2009,"Periphery",37.37905,0.0657139776361504,"Temporary contracts",3
"ES",2009-07-01,2009,"Periphery",39.69206,0.196771854107958,"Individual and collective dismissals (regular contracts)",2.357142925
"ES",2009-07-01,2009,"Periphery",39.69206,0.196771854107958,"Temporary contracts",3
"ES",2009-10-01,2009,"Periphery",39.4351,-0.0241714817422078,"Individual and collective dismissals (regular contracts)",2.357142925
"ES",2009-10-01,2009,"Periphery",39.4351,-0.0241714817422078,"Temporary contracts",3
"ES",2010-01-01,2010,"Periphery",40.01116,-0.0894221335700607,"Individual and collective dismissals (regular contracts)",2.357142925
"ES",2010-01-01,2010,"Periphery",40.01116,-0.0894221335700607,"Temporary contracts",3
"ES",2010-04-01,2010,"Periphery",41.37545,0.123431331975077,"Individual and collective dismissals (regular contracts)",2.357142925
"ES",2010-04-01,2010,"Periphery",41.37545,0.123431331975077,"Temporary contracts",3
"ES",2010-07-01,2010,"Periphery",41.61456,-0.0631266970016142,"Individual and collective dismissals (regular contracts)",2.357142925
"ES",2010-07-01,2010,"Periphery",41.61456,-0.0631266970016142,"Temporary contracts",3
"ES",2010-10-01,2010,"Periphery",43.07941,0.103395559935571,"Individual and collective dismissals (regular contracts)",2.357142925
"ES",2010-10-01,2010,"Periphery",43.07941,0.103395559935571,"Temporary contracts",3
"ES",2011-01-01,2011,"Periphery",44.23993,-0.0788456796367853,"Individual and collective dismissals (regular contracts)",2.214285612
"ES",2011-01-01,2011,"Periphery",44.23993,-0.0788456796367853,"Temporary contracts",2.5625
"ES",2011-04-01,2011,"Periphery",45.22536,-0.259024249385398,"Individual and collective dismissals (regular contracts)",2.214285612
"ES",2011-04-01,2011,"Periphery",45.22536,-0.259024249385398,"Temporary contracts",2.5625
"ES",2011-07-01,2011,"Periphery",46.98809,-0.612031572315352,"Individual and collective dismissals (regular contracts)",2.214285612
"ES",2011-07-01,2011,"Periphery",46.98809,-0.612031572315352,"Temporary contracts",2.5625
"ES",2011-10-01,2011,"Periphery",48.24265,-0.564891222425601,"Individual and collective dismissals (regular contracts)",2.214285612
"ES",2011-10-01,2011,"Periphery",48.24265,-0.564891222425601,"Temporary contracts",2.5625
"ES",2012-01-01,2012,"Periphery",50.46422,-0.945452944255365,"Individual and collective dismissals (regular contracts)",2.214285612
"ES",2012-01-01,2012,"Periphery",50.46422,-0.945452944255365,"Temporary contracts",2.6875
"ES",2012-04-01,2012,"Periphery",52.43385,-0.974022445479328,"Individual and collective dismissals (regular contracts)",2.214285612
"ES",2012-04-01,2012,"Periphery",52.43385,-0.974022445479328,"Temporary contracts",2.6875
"ES",2012-07-01,2012,"Periphery",53.51611,-0.460359893119389,"Individual and collective dismissals (regular contracts)",2.214285612
"ES",2012-07-01,2012,"Periphery",53.51611,-0.460359893119389,"Temporary contracts",2.6875
"ES",2012-10-01,2012,"Periphery",55.03803,-0.832703761113507,"Individual and collective dismissals (regular contracts)",2.214285612
"ES",2012-10-01,2012,"Periphery",55.03803,-0.832703761113507,"Temporary contracts",2.6875
"ES",2013-01-01,2013,"Periphery",55.61444,-0.275071829005569,"Individual and collective dismissals (regular contracts)",1.964285731
"ES",2013-01-01,2013,"Periphery",55.61444,-0.275071829005569,"Temporary contracts",2.5625
"ES",2013-04-01,2013,"Periphery",55.6676,-0.102414996510802,"Individual and collective dismissals (regular contracts)",1.964285731
"ES",2013-04-01,2013,"Periphery",55.6676,-0.102414996510802,"Temporary contracts",2.5625
"ES",2013-07-01,2013,"Periphery",55.77943,-0.0634374773472501,"Individual and collective dismissals (regular contracts)",1.964285731
"ES",2013-07-01,2013,"Periphery",55.77943,-0.0634374773472501,"Temporary contracts",2.5625
"ES",2013-10-01,2013,"Periphery",54.87084,0.190152829492263,"Individual and collective dismissals (regular contracts)",1.964285731
"ES",2013-10-01,2013,"Periphery",54.87084,0.190152829492263,"Temporary contracts",2.5625
"ES",2014-01-01,2014,"Periphery",54.22807,0.37739823279388,"Individual and collective dismissals (regular contracts)",1.964285731
"ES",2014-01-01,2014,"Periphery",54.22807,0.37739823279388,"Temporary contracts",2.46875
"ES",2014-04-01,2014,"Periphery",53.00956,0.538420587712451,"Individual and collective dismissals (regular contracts)",1.964285731
"ES",2014-04-01,2014,"Periphery",53.00956,0.538420587712451,"Temporary contracts",2.46875
"ES",2014-07-01,2014,"Periphery",53.92217,0.796464251056683,"Individual and collective dismissals (regular contracts)",1.964285731
"ES",2014-07-01,2014,"Periphery",53.92217,0.796464251056683,"Temporary contracts",2.46875
"ES",2014-10-01,2014,"Periphery",51.6898,0.962367118257212,"Individual and collective dismissals (regular contracts)",1.964285731
"ES",2014-10-01,2014,"Periphery",51.6898,0.962367118257212,"Temporary contracts",2.46875
"ES",2015-01-01,2015,"Periphery",50.16581,1.20989846387829,"Individual and collective dismissals (regular contracts)",1.964285731
"ES",2015-01-01,2015,"Periphery",50.16581,1.20989846387829,"Temporary contracts",2.46875
"ES",2015-04-01,2015,"Periphery",48.80075,1.11351599294576,"Individual and collective dismissals (regular contracts)",1.964285731
"ES",2015-04-01,2015,"Periphery",48.80075,1.11351599294576,"Temporary contracts",2.46875
"ES",2015-07-01,2015,"Periphery",47.99557,0.913024748590274,"Individual and collective dismissals (regular contracts)",1.964285731
"ES",2015-07-01,2015,"Periphery",47.99557,0.913024748590274,"Temporary contracts",2.46875
"ES",2015-10-01,2015,"Periphery",46.39931,0.889279604357718,"Individual and collective dismissals (regular contracts)",1.964285731
"ES",2015-10-01,2015,"Periphery",46.39931,0.889279604357718,"Temporary contracts",2.46875
"ES",2016-01-01,2016,"Periphery",45.43652,0.692009355545053,"Individual and collective dismissals (regular contracts)",1.964285731
"ES",2016-01-01,2016,"Periphery",45.43652,0.692009355545053,"Temporary contracts",2.46875
"ES",2016-04-01,2016,"Periphery",45.84896,0.330440879082872,"Individual and collective dismissals (regular contracts)",1.964285731
"ES",2016-04-01,2016,"Periphery",45.84896,0.330440879082872,"Temporary contracts",2.46875
"ES",2016-07-01,2016,"Periphery",43.62724,0.787421908139407,"Individual and collective dismissals (regular contracts)",1.964285731
"ES",2016-07-01,2016,"Periphery",43.62724,0.787421908139407,"Temporary contracts",2.46875
"ES",2016-10-01,2016,"Periphery",42.57567,0.566556165260756,"Individual and collective dismissals (regular contracts)",1.964285731
"ES",2016-10-01,2016,"Periphery",42.57567,0.566556165260756,"Temporary contracts",2.46875
"ES",2017-01-01,2017,"Periphery",40.94162,0.705530516689734,"Individual and collective dismissals (regular contracts)",1.964285731
"ES",2017-01-01,2017,"Periphery",40.94162,0.705530516689734,"Temporary contracts",2.46875
"ES",2017-04-01,2017,"Periphery",39.17052,1.04046586147213,"Individual and collective dismissals (regular contracts)",1.964285731
"ES",2017-04-01,2017,"Periphery",39.17052,1.04046586147213,"Temporary contracts",2.46875
"ES",2017-07-01,2017,"Periphery",37.10197,0.629414728349253,"Individual and collective dismissals (regular contracts)",1.964285731
"ES",2017-07-01,2017,"Periphery",37.10197,0.629414728349253,"Temporary contracts",2.46875
"ES",2017-10-01,2017,"Periphery",36.82195,0.607244858098355,"Individual and collective dismissals (regular contracts)",1.964285731
"ES",2017-10-01,2017,"Periphery",36.82195,0.607244858098355,"Temporary contracts",2.46875
"ES",2018-01-01,2018,"Periphery",35.41512,0.426464420791817,"Individual and collective dismissals (regular contracts)",1.964285731
"ES",2018-01-01,2018,"Periphery",35.41512,0.426464420791817,"Temporary contracts",2.46875
"ES",2018-04-01,2018,"Periphery",34.40611,0.650024225828538,"Individual and collective dismissals (regular contracts)",1.964285731
"ES",2018-04-01,2018,"Periphery",34.40611,0.650024225828538,"Temporary contracts",2.46875
"ES",2018-07-01,2018,"Periphery",33.90585,0.556713118431951,"Individual and collective dismissals (regular contracts)",1.964285731
"ES",2018-07-01,2018,"Periphery",33.90585,0.556713118431951,"Temporary contracts",2.46875
"ES",2018-10-01,2018,"Periphery",33.71364,0.583630508270261,"Individual and collective dismissals (regular contracts)",1.964285731
"ES",2018-10-01,2018,"Periphery",33.71364,0.583630508270261,"Temporary contracts",2.46875
"ES",2019-01-01,2019,"Periphery",33.52731,0.611303250160233,"Individual and collective dismissals (regular contracts)",2.047619104
"ES",2019-01-01,2019,"Periphery",33.52731,0.611303250160233,"Temporary contracts",2.46875
"ES",2019-04-01,2019,"Periphery",32.77777,0.287971320095259,"Individual and collective dismissals (regular contracts)",2.047619104
"ES",2019-04-01,2019,"Periphery",32.77777,0.287971320095259,"Temporary contracts",2.46875
"ES",2019-07-01,2019,"Periphery",32.69374,0.191298456080347,"Individual and collective dismissals (regular contracts)",2.047619104
"ES",2019-07-01,2019,"Periphery",32.69374,0.191298456080347,"Temporary contracts",2.46875
"ES",2019-10-01,2019,"Periphery",31.2537,0.568952004898016,"Individual and collective dismissals (regular contracts)",2.047619104
"ES",2019-10-01,2019,"Periphery",31.2537,0.568952004898016,"Temporary contracts",2.46875
"DE",2005-01-01,2005,"Core",16.11032,0.158947133220799,"Individual and collective dismissals (regular contracts)",2.595238209
"DE",2005-01-01,2005,"Core",16.11032,0.158947133220799,"Temporary contracts",1
"DE",2005-04-01,2005,"Core",15.68118,0.59765396474365,"Individual and collective dismissals (regular contracts)",2.595238209
"DE",2005-04-01,2005,"Core",15.68118,0.59765396474365,"Temporary contracts",1
"DE",2005-07-01,2005,"Core",15.4177,0.783475871474515,"Individual and collective dismissals (regular contracts)",2.595238209
"DE",2005-07-01,2005,"Core",15.4177,0.783475871474515,"Temporary contracts",1
"DE",2005-10-01,2005,"Core",14.88446,0.377672722347988,"Individual and collective dismissals (regular contracts)",2.595238209
"DE",2005-10-01,2005,"Core",14.88446,0.377672722347988,"Temporary contracts",1
"DE",2006-01-01,2006,"Core",14.51113,1.10991050153668,"Individual and collective dismissals (regular contracts)",2.595238209
"DE",2006-01-01,2006,"Core",14.51113,1.10991050153668,"Temporary contracts",1
"DE",2006-04-01,2006,"Core",13.50345,1.69799082373494,"Individual and collective dismissals (regular contracts)",2.595238209
"DE",2006-04-01,2006,"Core",13.50345,1.69799082373494,"Temporary contracts",1
"DE",2006-07-01,2006,"Core",13.66779,0.753087319462331,"Individual and collective dismissals (regular contracts)",2.595238209
"DE",2006-07-01,2006,"Core",13.66779,0.753087319462331,"Temporary contracts",1
"DE",2006-10-01,2006,"Core",13.36389,1.455762006999,"Individual and collective dismissals (regular contracts)",2.595238209
"DE",2006-10-01,2006,"Core",13.36389,1.455762006999,"Temporary contracts",1
"DE",2007-01-01,2007,"Core",12.40007,0.131568379521241,"Individual and collective dismissals (regular contracts)",2.595238209
"DE",2007-01-01,2007,"Core",12.40007,0.131568379521241,"Temporary contracts",1
"DE",2007-04-01,2007,"Core",12.17404,0.657948380828621,"Individual and collective dismissals (regular contracts)",2.595238209
"DE",2007-04-01,2007,"Core",12.17404,0.657948380828621,"Temporary contracts",1
"DE",2007-07-01,2007,"Core",11.46439,0.509973000314012,"Individual and collective dismissals (regular contracts)",2.595238209
"DE",2007-07-01,2007,"Core",11.46439,0.509973000314012,"Temporary contracts",1
"DE",2007-10-01,2007,"Core",11.5857,0.738178198801975,"Individual and collective dismissals (regular contracts)",2.595238209
"DE",2007-10-01,2007,"Core",11.5857,0.738178198801975,"Temporary contracts",1
"DE",2008-01-01,2008,"Core",10.93498,0.585602432927068,"Individual and collective dismissals (regular contracts)",2.595238209
"DE",2008-01-01,2008,"Core",10.93498,0.585602432927068,"Temporary contracts",1
"DE",2008-04-01,2008,"Core",10.87692,-0.360778152225549,"Individual and collective dismissals (regular contracts)",2.595238209
"DE",2008-04-01,2008,"Core",10.87692,-0.360778152225549,"Temporary contracts",1
"DE",2008-07-01,2008,"Core",10.11663,-0.549161812607402,"Individual and collective dismissals (regular contracts)",2.595238209
"DE",2008-07-01,2008,"Core",10.11663,-0.549161812607402,"Temporary contracts",1
"DE",2008-10-01,2008,"Core",10.30479,-1.56503940587118,"Individual and collective dismissals (regular contracts)",2.595238209
"DE",2008-10-01,2008,"Core",10.30479,-1.56503940587118,"Temporary contracts",1
"DE",2009-01-01,2009,"Core",11.61039,-4.80058660650435,"Individual and collective dismissals (regular contracts)",2.595238209
"DE",2009-01-01,2009,"Core",11.61039,-4.80058660650435,"Temporary contracts",1
"DE",2009-04-01,2009,"Core",12.37403,0.246173069630906,"Individual and collective dismissals (regular contracts)",2.595238209
"DE",2009-04-01,2009,"Core",12.37403,0.246173069630906,"Temporary contracts",1
"DE",2009-07-01,2009,"Core",11.99336,0.61863445152941,"Individual and collective dismissals (regular contracts)",2.595238209
"DE",2009-07-01,2009,"Core",11.99336,0.61863445152941,"Temporary contracts",1
"DE",2009-10-01,2009,"Core",11.7606,0.765040252985472,"Individual and collective dismissals (regular contracts)",2.595238209
"DE",2009-10-01,2009,"Core",11.7606,0.765040252985472,"Temporary contracts",1
"DE",2010-01-01,2010,"Core",11.72409,0.72473200849732,"Individual and collective dismissals (regular contracts)",2.595238209
"DE",2010-01-01,2010,"Core",11.72409,0.72473200849732,"Temporary contracts",1
"DE",2010-04-01,2010,"Core",10.29313,2.14354247057056,"Individual and collective dismissals (regular contracts)",2.595238209
"DE",2010-04-01,2010,"Core",10.29313,2.14354247057056,"Temporary contracts",1
"DE",2010-07-01,2010,"Core",10.12243,0.960363870725267,"Individual and collective dismissals (regular contracts)",2.595238209
"DE",2010-07-01,2010,"Core",10.12243,0.960363870725267,"Temporary contracts",1
"DE",2010-10-01,2010,"Core",9.742941,0.653569275923793,"Individual and collective dismissals (regular contracts)",2.595238209
"DE",2010-10-01,2010,"Core",9.742941,0.653569275923793,"Temporary contracts",1
"DE",2011-01-01,2011,"Core",9.779812,1.79174978065664,"Temporary contracts",1
"DE",2011-01-01,2011,"Core",9.779812,1.79174978065664,"Individual and collective dismissals (regular contracts)",2.595238209
"DE",2011-04-01,2011,"Core",9.135577,0.270759177080571,"Temporary contracts",1
"DE",2011-04-01,2011,"Core",9.135577,0.270759177080571,"Individual and collective dismissals (regular contracts)",2.595238209
"DE",2011-07-01,2011,"Core",8.917156,0.539314202129937,"Temporary contracts",1
"DE",2011-07-01,2011,"Core",8.917156,0.539314202129937,"Individual and collective dismissals (regular contracts)",2.595238209
"DE",2011-10-01,2011,"Core",8.554432,-0.0107545920629448,"Temporary contracts",1
"DE",2011-10-01,2011,"Core",8.554432,-0.0107545920629448,"Individual and collective dismissals (regular contracts)",2.595238209
"DE",2012-01-01,2012,"Core",8.376643,0.21224439094123,"Individual and collective dismissals (regular contracts)",2.595238209
"DE",2012-01-01,2012,"Core",8.376643,0.21224439094123,"Temporary contracts",1
"DE",2012-04-01,2012,"Core",8.527493,0.107310120889537,"Individual and collective dismissals (regular contracts)",2.595238209
"DE",2012-04-01,2012,"Core",8.527493,0.107310120889537,"Temporary contracts",1
"DE",2012-07-01,2012,"Core",8.865437,0.203533004666134,"Individual and collective dismissals (regular contracts)",2.595238209
"DE",2012-07-01,2012,"Core",8.865437,0.203533004666134,"Temporary contracts",1
"DE",2012-10-01,2012,"Core",8.526695,-0.300096653896809,"Individual and collective dismissals (regular contracts)",2.595238209
"DE",2012-10-01,2012,"Core",8.526695,-0.300096653896809,"Temporary contracts",1
"DE",2013-01-01,2013,"Core",8.263467,-0.554404371800921,"Individual and collective dismissals (regular contracts)",2.595238209
"DE",2013-01-01,2013,"Core",8.263467,-0.554404371800921,"Temporary contracts",1.125
"DE",2013-04-01,2013,"Core",8.135616,1.15906967777981,"Individual and collective dismissals (regular contracts)",2.595238209
"DE",2013-04-01,2013,"Core",8.135616,1.15906967777981,"Temporary contracts",1.125
"DE",2013-07-01,2013,"Core",8.393228,0.510846515033592,"Individual and collective dismissals (regular contracts)",2.595238209
"DE",2013-07-01,2013,"Core",8.393228,0.510846515033592,"Temporary contracts",1.125
"DE",2013-10-01,2013,"Core",8.56122,0.148518124805719,"Individual and collective dismissals (regular contracts)",2.595238209
"DE",2013-10-01,2013,"Core",8.56122,0.148518124805719,"Temporary contracts",1.125
"DE",2014-01-01,2014,"Core",8.543116,1.03864657018047,"Individual and collective dismissals (regular contracts)",2.595238209
"DE",2014-01-01,2014,"Core",8.543116,1.03864657018047,"Temporary contracts",1.125
"DE",2014-04-01,2014,"Core",8.151347,-0.0209904132834282,"Individual and collective dismissals (regular contracts)",2.595238209
"DE",2014-04-01,2014,"Core",8.151347,-0.0209904132834282,"Temporary contracts",1.125
"DE",2014-07-01,2014,"Core",8.179623,0.554541497958461,"Individual and collective dismissals (regular contracts)",2.595238209
"DE",2014-07-01,2014,"Core",8.179623,0.554541497958461,"Temporary contracts",1.125
"DE",2014-10-01,2014,"Core",8.098167,0.758800210891586,"Individual and collective dismissals (regular contracts)",2.595238209
"DE",2014-10-01,2014,"Core",8.098167,0.758800210891586,"Temporary contracts",1.125
"DE",2015-01-01,2015,"Core",7.84285,-0.217648645024582,"Individual and collective dismissals (regular contracts)",2.595238209
"DE",2015-01-01,2015,"Core",7.84285,-0.217648645024582,"Temporary contracts",1.125
"DE",2015-04-01,2015,"Core",7.35773,0.517541981250424,"Individual and collective dismissals (regular contracts)",2.595238209
"DE",2015-04-01,2015,"Core",7.35773,0.517541981250424,"Temporary contracts",1.125
"DE",2015-07-01,2015,"Core",8.013427,0.535425748028651,"Individual and collective dismissals (regular contracts)",2.595238209
"DE",2015-07-01,2015,"Core",8.013427,0.535425748028651,"Temporary contracts",1.125
"DE",2015-10-01,2015,"Core",7.49121,0.512134879286918,"Individual and collective dismissals (regular contracts)",2.595238209
"DE",2015-10-01,2015,"Core",7.49121,0.512134879286918,"Temporary contracts",1.125
"DE",2016-01-01,2016,"Core",7.870949,0.874849288108948,"Individual and collective dismissals (regular contracts)",2.595238209
"DE",2016-01-01,2016,"Core",7.870949,0.874849288108948,"Temporary contracts",1.125
"DE",2016-04-01,2016,"Core",7.696576,0.222552174592572,"Individual and collective dismissals (regular contracts)",2.595238209
"DE",2016-04-01,2016,"Core",7.696576,0.222552174592572,"Temporary contracts",1.125
"DE",2016-07-01,2016,"Core",7.313892,0.353051419235406,"Individual and collective dismissals (regular contracts)",2.595238209
"DE",2016-07-01,2016,"Core",7.313892,0.353051419235406,"Temporary contracts",1.125
"DE",2016-10-01,2016,"Core",7.044277,0.46213383368432,"Individual and collective dismissals (regular contracts)",2.595238209
"DE",2016-10-01,2016,"Core",7.044277,0.46213383368432,"Temporary contracts",1.125
"DE",2017-01-01,2017,"Core",7.535851,1.28964491014418,"Individual and collective dismissals (regular contracts)",2.595238209
"DE",2017-01-01,2017,"Core",7.535851,1.28964491014418,"Temporary contracts",1.125
"DE",2017-04-01,2017,"Core",7.216414,0.709929644175844,"Individual and collective dismissals (regular contracts)",2.595238209
"DE",2017-04-01,2017,"Core",7.216414,0.709929644175844,"Temporary contracts",1.125
"DE",2017-07-01,2017,"Core",6.716942,0.792675758973793,"Individual and collective dismissals (regular contracts)",2.595238209
"DE",2017-07-01,2017,"Core",6.716942,0.792675758973793,"Temporary contracts",1.125
"DE",2017-10-01,2017,"Core",7.160869,1.00863758203644,"Individual and collective dismissals (regular contracts)",2.595238209
"DE",2017-10-01,2017,"Core",7.160869,1.00863758203644,"Temporary contracts",1.125
"DE",2018-01-01,2018,"Core",6.887011,-0.553996190302364,"Individual and collective dismissals (regular contracts)",2.595238209
"DE",2018-01-01,2018,"Core",6.887011,-0.553996190302364,"Temporary contracts",1.375
"DE",2018-04-01,2018,"Core",6.85345,0.782888346574317,"Individual and collective dismissals (regular contracts)",2.595238209
"DE",2018-04-01,2018,"Core",6.85345,0.782888346574317,"Temporary contracts",1.375
"DE",2018-07-01,2018,"Core",6.320931,-0.656826615337103,"Individual and collective dismissals (regular contracts)",2.595238209
"DE",2018-07-01,2018,"Core",6.320931,-0.656826615337103,"Temporary contracts",1.375
"DE",2018-10-01,2018,"Core",6.196399,0.444797950069464,"Individual and collective dismissals (regular contracts)",2.595238209
"DE",2018-10-01,2018,"Core",6.196399,0.444797950069464,"Temporary contracts",1.375
"DE",2019-01-01,2019,"Core",6.275273,0.653907954102806,"Individual and collective dismissals (regular contracts)",2.595238209
"DE",2019-01-01,2019,"Core",6.275273,0.653907954102806,"Temporary contracts",1.375
"DE",2019-04-01,2019,"Core",5.597377,0.0574887572375005,"Individual and collective dismissals (regular contracts)",2.595238209
"DE",2019-04-01,2019,"Core",5.597377,0.0574887572375005,"Temporary contracts",1.375
"DE",2019-07-01,2019,"Core",6.458931,0.382459596031559,"Individual and collective dismissals (regular contracts)",2.595238209
"DE",2019-07-01,2019,"Core",6.458931,0.382459596031559,"Temporary contracts",1.375
"DE",2019-10-01,2019,"Core",6.060626,-0.334562254950654,"Individual and collective dismissals (regular contracts)",2.595238209
"DE",2019-10-01,2019,"Core",6.060626,-0.334562254950654,"Temporary contracts",1.375
"FR",2005-01-01,2005,"Core",21.31481,0.294659365019179,"Individual and collective dismissals (regular contracts)",2.706349134
"FR",2005-01-01,2005,"Core",21.31481,0.294659365019179,"Temporary contracts",3.125
"FR",2005-04-01,2005,"Core",21.51199,0.210366169136833,"Individual and collective dismissals (regular contracts)",2.706349134
"FR",2005-04-01,2005,"Core",21.51199,0.210366169136833,"Temporary contracts",3.125
"FR",2005-07-01,2005,"Core",23.19453,0.775229570857761,"Individual and collective dismissals (regular contracts)",2.706349134
"FR",2005-07-01,2005,"Core",23.19453,0.775229570857761,"Temporary contracts",3.125
"FR",2005-10-01,2005,"Core",23.08054,0.68519623527159,"Individual and collective dismissals (regular contracts)",2.706349134
"FR",2005-10-01,2005,"Core",23.08054,0.68519623527159,"Temporary contracts",3.125
"FR",2006-01-01,2006,"Core",24.00925,0.865812555631074,"Individual and collective dismissals (regular contracts)",2.706349134
"FR",2006-01-01,2006,"Core",24.00925,0.865812555631074,"Temporary contracts",3.125
"FR",2006-04-01,2006,"Core",23.72382,1.21012065916712,"Individual and collective dismissals (regular contracts)",2.706349134
"FR",2006-04-01,2006,"Core",23.72382,1.21012065916712,"Temporary contracts",3.125
"FR",2006-07-01,2006,"Core",23.32747,0.0667154334397679,"Individual and collective dismissals (regular contracts)",2.706349134
"FR",2006-07-01,2006,"Core",23.32747,0.0667154334397679,"Temporary contracts",3.125
"FR",2006-10-01,2006,"Core",22.9465,0.531843396702314,"Individual and collective dismissals (regular contracts)",2.706349134
"FR",2006-10-01,2006,"Core",22.9465,0.531843396702314,"Temporary contracts",3.125
"FR",2007-01-01,2007,"Core",22.43674,1.04793481938401,"Individual and collective dismissals (regular contracts)",2.706349134
"FR",2007-01-01,2007,"Core",22.43674,1.04793481938401,"Temporary contracts",3.125
"FR",2007-04-01,2007,"Core",21.12833,0.650028908460953,"Individual and collective dismissals (regular contracts)",2.706349134
"FR",2007-04-01,2007,"Core",21.12833,0.650028908460953,"Temporary contracts",3.125
"FR",2007-07-01,2007,"Core",19.79916,0.333546576892374,"Individual and collective dismissals (regular contracts)",2.706349134
"FR",2007-07-01,2007,"Core",19.79916,0.333546576892374,"Temporary contracts",3.125
"FR",2007-10-01,2007,"Core",20.06799,0.0528562332721805,"Individual and collective dismissals (regular contracts)",2.706349134
"FR",2007-10-01,2007,"Core",20.06799,0.0528562332721805,"Temporary contracts",3.125
"FR",2008-01-01,2008,"Core",18.91817,0.890313785236785,"Individual and collective dismissals (regular contracts)",2.579365015
"FR",2008-01-01,2008,"Core",18.91817,0.890313785236785,"Temporary contracts",3.125
"FR",2008-04-01,2008,"Core",19.72407,-0.753854734055537,"Individual and collective dismissals (regular contracts)",2.579365015
"FR",2008-04-01,2008,"Core",19.72407,-0.753854734055537,"Temporary contracts",3.125
"FR",2008-07-01,2008,"Core",20.26638,-0.227157808161138,"Individual and collective dismissals (regular contracts)",2.579365015
"FR",2008-07-01,2008,"Core",20.26638,-0.227157808161138,"Temporary contracts",3.125
"FR",2008-10-01,2008,"Core",21.90913,-1.29228272270776,"Individual and collective dismissals (regular contracts)",2.579365015
"FR",2008-10-01,2008,"Core",21.90913,-1.29228272270776,"Temporary contracts",3.125
"FR",2009-01-01,2009,"Core",24.1835,-1.91661114578441,"Individual and collective dismissals (regular contracts)",2.496031761
"FR",2009-01-01,2009,"Core",24.1835,-1.91661114578441,"Temporary contracts",3.125
"FR",2009-04-01,2009,"Core",25.40774,0.176839417945018,"Individual and collective dismissals (regular contracts)",2.496031761
"FR",2009-04-01,2009,"Core",25.40774,0.176839417945018,"Temporary contracts",3.125
"FR",2009-07-01,2009,"Core",25.19721,0.229729170066584,"Individual and collective dismissals (regular contracts)",2.496031761
"FR",2009-07-01,2009,"Core",25.19721,0.229729170066584,"Temporary contracts",3.125
"FR",2009-10-01,2009,"Core",25.30948,0.722032147441354,"Individual and collective dismissals (regular contracts)",2.496031761
"FR",2009-10-01,2009,"Core",25.30948,0.722032147441354,"Temporary contracts",3.125
"FR",2010-01-01,2010,"Core",24.70448,0.28168327970608,"Individual and collective dismissals (regular contracts)",2.496031761
"FR",2010-01-01,2010,"Core",24.70448,0.28168327970608,"Temporary contracts",3.125
"FR",2010-04-01,2010,"Core",25.08598,0.47647429601998,"Individual and collective dismissals (regular contracts)",2.496031761
"FR",2010-04-01,2010,"Core",25.08598,0.47647429601998,"Temporary contracts",3.125
"FR",2010-07-01,2010,"Core",25.15877,0.676391915772356,"Individual and collective dismissals (regular contracts)",2.496031761
"FR",2010-07-01,2010,"Core",25.15877,0.676391915772356,"Temporary contracts",3.125
"FR",2010-10-01,2010,"Core",23.89991,0.566854054541466,"Individual and collective dismissals (regular contracts)",2.496031761
"FR",2010-10-01,2010,"Core",23.89991,0.566854054541466,"Temporary contracts",3.125
"FR",2011-01-01,2011,"Core",24.87242,1.32641349530935,"Individual and collective dismissals (regular contracts)",2.496031761
"FR",2011-01-01,2011,"Core",24.87242,1.32641349530935,"Temporary contracts",3.125
"FR",2011-04-01,2011,"Core",24.23487,-0.00484681941301801,"Individual and collective dismissals (regular contracts)",2.496031761
"FR",2011-04-01,2011,"Core",24.23487,-0.00484681941301801,"Temporary contracts",3.125
"FR",2011-07-01,2011,"Core",23.27978,0.327387235828169,"Individual and collective dismissals (regular contracts)",2.496031761
"FR",2011-07-01,2011,"Core",23.27978,0.327387235828169,"Temporary contracts",3.125
"FR",2011-10-01,2011,"Core",24.09075,0.338424798128401,"Individual and collective dismissals (regular contracts)",2.496031761
"FR",2011-10-01,2011,"Core",24.09075,0.338424798128401,"Temporary contracts",3.125
"FR",2012-01-01,2012,"Core",24.36069,-0.0320126400021437,"Individual and collective dismissals (regular contracts)",2.496031761
"FR",2012-01-01,2012,"Core",24.36069,-0.0320126400021437,"Temporary contracts",3.125
"FR",2012-04-01,2012,"Core",25.01326,-0.411597552907139,"Individual and collective dismissals (regular contracts)",2.496031761
"FR",2012-04-01,2012,"Core",25.01326,-0.411597552907139,"Temporary contracts",3.125
"FR",2012-07-01,2012,"Core",25.89518,0.325959196673864,"Individual and collective dismissals (regular contracts)",2.496031761
"FR",2012-07-01,2012,"Core",25.89518,0.325959196673864,"Temporary contracts",3.125
"FR",2012-10-01,2012,"Core",27.99962,-0.0591898850993644,"Individual and collective dismissals (regular contracts)",2.496031761
"FR",2012-10-01,2012,"Core",27.99962,-0.0591898850993644,"Temporary contracts",3.125
"FR",2013-01-01,2013,"Core",27.4304,0.211473955759978,"Individual and collective dismissals (regular contracts)",2.496031761
"FR",2013-01-01,2013,"Core",27.4304,0.211473955759978,"Temporary contracts",3.125
"FR",2013-04-01,2013,"Core",26.9046,0.876806668971497,"Individual and collective dismissals (regular contracts)",2.496031761
"FR",2013-04-01,2013,"Core",26.9046,0.876806668971497,"Temporary contracts",3.125
"FR",2013-07-01,2013,"Core",25.95597,-0.216652628903446,"Individual and collective dismissals (regular contracts)",2.496031761
"FR",2013-07-01,2013,"Core",25.95597,-0.216652628903446,"Temporary contracts",3.125
"FR",2013-10-01,2013,"Core",25.37759,0.608022867599978,"Individual and collective dismissals (regular contracts)",2.496031761
"FR",2013-10-01,2013,"Core",25.37759,0.608022867599978,"Temporary contracts",3.125
"FR",2014-01-01,2014,"Core",25.39574,0.00275138177592282,"Individual and collective dismissals (regular contracts)",2.496031761
"FR",2014-01-01,2014,"Core",25.39574,0.00275138177592282,"Temporary contracts",3.125
"FR",2014-04-01,2014,"Core",25.34386,0.226027971975107,"Individual and collective dismissals (regular contracts)",2.496031761
"FR",2014-04-01,2014,"Core",25.34386,0.226027971975107,"Temporary contracts",3.125
"FR",2014-07-01,2014,"Core",25.57277,0.654477704929057,"Individual and collective dismissals (regular contracts)",2.496031761
"FR",2014-07-01,2014,"Core",25.57277,0.654477704929057,"Temporary contracts",3.125
"FR",2014-10-01,2014,"Core",26.3617,-0.295414813768424,"Individual and collective dismissals (regular contracts)",2.496031761
"FR",2014-10-01,2014,"Core",26.3617,-0.295414813768424,"Temporary contracts",3.125
"FR",2015-01-01,2015,"Core",26.31039,0.593135021116709,"Individual and collective dismissals (regular contracts)",2.496031761
"FR",2015-01-01,2015,"Core",26.31039,0.593135021116709,"Temporary contracts",3.125
"FR",2015-04-01,2015,"Core",25.92577,0.0377372663781017,"Individual and collective dismissals (regular contracts)",2.496031761
"FR",2015-04-01,2015,"Core",25.92577,0.0377372663781017,"Temporary contracts",3.125
"FR",2015-07-01,2015,"Core",25.97919,0.287684448387182,"Individual and collective dismissals (regular contracts)",2.496031761
"FR",2015-07-01,2015,"Core",25.97919,0.287684448387182,"Temporary contracts",3.125
"FR",2015-10-01,2015,"Core",26.15841,0.270737276684585,"Individual and collective dismissals (regular contracts)",2.496031761
"FR",2015-10-01,2015,"Core",26.15841,0.270737276684585,"Temporary contracts",3.125
"FR",2016-01-01,2016,"Core",26.26512,0.316594633001621,"Individual and collective dismissals (regular contracts)",2.496031761
"FR",2016-01-01,2016,"Core",26.26512,0.316594633001621,"Temporary contracts",3
"FR",2016-04-01,2016,"Core",25.96337,-0.244491427067217,"Individual and collective dismissals (regular contracts)",2.496031761
"FR",2016-04-01,2016,"Core",25.96337,-0.244491427067217,"Temporary contracts",3
"FR",2016-07-01,2016,"Core",26.23924,0.157629609926424,"Individual and collective dismissals (regular contracts)",2.496031761
"FR",2016-07-01,2016,"Core",26.23924,0.157629609926424,"Temporary contracts",3
"FR",2016-10-01,2016,"Core",25.40956,0.648919980085161,"Individual and collective dismissals (regular contracts)",2.496031761
"FR",2016-10-01,2016,"Core",25.40956,0.648919980085161,"Temporary contracts",3
"FR",2017-01-01,2017,"Core",23.90163,0.6848084010036,"Individual and collective dismissals (regular contracts)",2.496031761
"FR",2017-01-01,2017,"Core",23.90163,0.6848084010036,"Temporary contracts",3
"FR",2017-04-01,2017,"Core",24.50297,0.72196763290755,"Individual and collective dismissals (regular contracts)",2.496031761
"FR",2017-04-01,2017,"Core",24.50297,0.72196763290755,"Temporary contracts",3
"FR",2017-07-01,2017,"Core",22.92519,0.724221135452119,"Individual and collective dismissals (regular contracts)",2.496031761
"FR",2017-07-01,2017,"Core",22.92519,0.724221135452119,"Temporary contracts",3
"FR",2017-10-01,2017,"Core",22.69079,0.605483071317714,"Individual and collective dismissals (regular contracts)",2.496031761
"FR",2017-10-01,2017,"Core",22.69079,0.605483071317714,"Temporary contracts",3
"FR",2018-01-01,2018,"Core",23.01025,-0.0360849921257511,"Individual and collective dismissals (regular contracts)",2.559523821
"FR",2018-01-01,2018,"Core",23.01025,-0.0360849921257511,"Temporary contracts",3
"FR",2018-04-01,2018,"Core",21.94149,0.220591291725647,"Individual and collective dismissals (regular contracts)",2.559523821
"FR",2018-04-01,2018,"Core",21.94149,0.220591291725647,"Temporary contracts",3
"FR",2018-07-01,2018,"Core",22.06151,0.532336658186061,"Individual and collective dismissals (regular contracts)",2.559523821
"FR",2018-07-01,2018,"Core",22.06151,0.532336658186061,"Temporary contracts",3
"FR",2018-10-01,2018,"Core",21.06523,0.722577445384687,"Individual and collective dismissals (regular contracts)",2.559523821
"FR",2018-10-01,2018,"Core",21.06523,0.722577445384687,"Temporary contracts",3
"FR",2019-01-01,2019,"Core",20.9847,0.960422859684407,"Individual and collective dismissals (regular contracts)",2.559523821
"FR",2019-01-01,2019,"Core",20.9847,0.960422859684407,"Temporary contracts",3
"FR",2019-04-01,2019,"Core",20.4178,0.49290141737508,"Individual and collective dismissals (regular contracts)",2.559523821
"FR",2019-04-01,2019,"Core",20.4178,0.49290141737508,"Temporary contracts",3
"FR",2019-07-01,2019,"Core",19.62416,0.0297320987819205,"Individual and collective dismissals (regular contracts)",2.559523821
"FR",2019-07-01,2019,"Core",19.62416,0.0297320987819205,"Temporary contracts",3
"FR",2019-10-01,2019,"Core",21.93818,-0.503252976169399,"Individual and collective dismissals (regular contracts)",2.559523821
"FR",2019-10-01,2019,"Core",21.93818,-0.503252976169399,"Temporary contracts",3
"IT",2005-01-01,2005,"Periphery",24.49857,-0.151719621907098,"Individual and collective dismissals (regular contracts)",3.015872955
"IT",2005-01-01,2005,"Periphery",24.49857,-0.151719621907098,"Temporary contracts",2
"IT",2005-04-01,2005,"Periphery",23.52103,0.813842049343094,"Individual and collective dismissals (regular contracts)",3.015872955
"IT",2005-04-01,2005,"Periphery",23.52103,0.813842049343094,"Temporary contracts",2
"IT",2005-07-01,2005,"Periphery",25.2706,0.539815616186168,"Individual and collective dismissals (regular contracts)",3.015872955
"IT",2005-07-01,2005,"Periphery",25.2706,0.539815616186168,"Temporary contracts",2
"IT",2005-10-01,2005,"Periphery",23.1886,0.455040795987038,"Individual and collective dismissals (regular contracts)",3.015872955
"IT",2005-10-01,2005,"Periphery",23.1886,0.455040795987038,"Temporary contracts",2
"IT",2006-01-01,2006,"Periphery",23.2096,0.335261060237357,"Individual and collective dismissals (regular contracts)",3.015872955
"IT",2006-01-01,2006,"Periphery",23.2096,0.335261060237357,"Temporary contracts",2
"IT",2006-04-01,2006,"Periphery",21.60809,0.316207198180329,"Individual and collective dismissals (regular contracts)",3.015872955
"IT",2006-04-01,2006,"Periphery",21.60809,0.316207198180329,"Temporary contracts",2
"IT",2006-07-01,2006,"Periphery",20.90696,0.29904675535235,"Individual and collective dismissals (regular contracts)",3.015872955
"IT",2006-07-01,2006,"Periphery",20.90696,0.29904675535235,"Temporary contracts",2
"IT",2006-10-01,2006,"Periphery",21.21553,1.36490858513767,"Individual and collective dismissals (regular contracts)",3.015872955
"IT",2006-10-01,2006,"Periphery",21.21553,1.36490858513767,"Temporary contracts",2
"IT",2007-01-01,2007,"Periphery",19.63171,-0.0946853231086564,"Individual and collective dismissals (regular contracts)",3.015872955
"IT",2007-01-01,2007,"Periphery",19.63171,-0.0946853231086564,"Temporary contracts",2
"IT",2007-04-01,2007,"Periphery",19.43967,0.242111369762732,"Individual and collective dismissals (regular contracts)",3.015872955
"IT",2007-04-01,2007,"Periphery",19.43967,0.242111369762732,"Temporary contracts",2
"IT",2007-07-01,2007,"Periphery",20.85431,-0.0192590345431398,"Individual and collective dismissals (regular contracts)",3.015872955
"IT",2007-07-01,2007,"Periphery",20.85431,-0.0192590345431398,"Temporary contracts",2
"IT",2007-10-01,2007,"Periphery",21.51162,-0.21011730654088,"Individual and collective dismissals (regular contracts)",3.015872955
"IT",2007-10-01,2007,"Periphery",21.51162,-0.21011730654088,"Temporary contracts",2
"IT",2008-01-01,2008,"Periphery",19.81266,1.08821156475347,"Individual and collective dismissals (regular contracts)",3.015872955
"IT",2008-01-01,2008,"Periphery",19.81266,1.08821156475347,"Temporary contracts",2
"IT",2008-04-01,2008,"Periphery",21.25941,-0.935752611753848,"Individual and collective dismissals (regular contracts)",3.015872955
"IT",2008-04-01,2008,"Periphery",21.25941,-0.935752611753848,"Temporary contracts",2
"IT",2008-07-01,2008,"Periphery",21.69925,-1.51589329223576,"Individual and collective dismissals (regular contracts)",3.015872955
"IT",2008-07-01,2008,"Periphery",21.69925,-1.51589329223576,"Temporary contracts",2
"IT",2008-10-01,2008,"Periphery",22.06895,-2.41428951294882,"Individual and collective dismissals (regular contracts)",3.015872955
"IT",2008-10-01,2008,"Periphery",22.06895,-2.41428951294882,"Temporary contracts",2
"IT",2009-01-01,2009,"Periphery",24.49226,-2.48567465446801,"Individual and collective dismissals (regular contracts)",3.015872955
"IT",2009-01-01,2009,"Periphery",24.49226,-2.48567465446801,"Temporary contracts",2
"IT",2009-04-01,2009,"Periphery",24.8177,-0.537872792048155,"Individual and collective dismissals (regular contracts)",3.015872955
"IT",2009-04-01,2009,"Periphery",24.8177,-0.537872792048155,"Temporary contracts",2
"IT",2009-07-01,2009,"Periphery",25.94426,0.335360573802035,"Individual and collective dismissals (regular contracts)",3.015872955
"IT",2009-07-01,2009,"Periphery",25.94426,0.335360573802035,"Temporary contracts",2
"IT",2009-10-01,2009,"Periphery",26.49644,0.267721461931458,"Individual and collective dismissals (regular contracts)",3.015872955
"IT",2009-10-01,2009,"Periphery",26.49644,0.267721461931458,"Temporary contracts",2
"IT",2010-01-01,2010,"Periphery",27.15955,0.3819579056481,"Individual and collective dismissals (regular contracts)",3.015872955
"IT",2010-01-01,2010,"Periphery",27.15955,0.3819579056481,"Temporary contracts",2
"IT",2010-04-01,2010,"Periphery",28.91766,0.673466843716675,"Individual and collective dismissals (regular contracts)",3.015872955
"IT",2010-04-01,2010,"Periphery",28.91766,0.673466843716675,"Temporary contracts",2
"IT",2010-07-01,2010,"Periphery",27.72166,0.265467554355325,"Individual and collective dismissals (regular contracts)",3.015872955
"IT",2010-07-01,2010,"Periphery",27.72166,0.265467554355325,"Temporary contracts",2
"IT",2010-10-01,2010,"Periphery",28.09878,0.854632649648401,"Individual and collective dismissals (regular contracts)",3.015872955
"IT",2010-10-01,2010,"Periphery",28.09878,0.854632649648401,"Temporary contracts",2
"IT",2011-01-01,2011,"Periphery",27.67849,0.565066233080813,"Individual and collective dismissals (regular contracts)",3.015872955
"IT",2011-01-01,2011,"Periphery",27.67849,0.565066233080813,"Temporary contracts",2
"IT",2011-04-01,2011,"Periphery",28.62966,-0.238636524011682,"Individual and collective dismissals (regular contracts)",3.015872955
"IT",2011-04-01,2011,"Periphery",28.62966,-0.238636524011682,"Temporary contracts",2
"IT",2011-07-01,2011,"Periphery",29.49108,-0.458080801491256,"Individual and collective dismissals (regular contracts)",3.015872955
"IT",2011-07-01,2011,"Periphery",29.49108,-0.458080801491256,"Temporary contracts",2
"IT",2011-10-01,2011,"Periphery",30.71614,-0.983245345738837,"Individual and collective dismissals (regular contracts)",3.015872955
"IT",2011-10-01,2011,"Periphery",30.71614,-0.983245345738837,"Temporary contracts",2
"IT",2012-01-01,2012,"Periphery",33.55785,-1.0476318318478,"Individual and collective dismissals (regular contracts)",3.015872955
"IT",2012-01-01,2012,"Periphery",33.55785,-1.0476318318478,"Temporary contracts",2
"IT",2012-04-01,2012,"Periphery",35.2245,-0.838342958872929,"Individual and collective dismissals (regular contracts)",3.015872955
"IT",2012-04-01,2012,"Periphery",35.2245,-0.838342958872929,"Temporary contracts",2
"IT",2012-07-01,2012,"Periphery",35.14344,-0.665577945750151,"Individual and collective dismissals (regular contracts)",3.015872955
"IT",2012-07-01,2012,"Periphery",35.14344,-0.665577945750151,"Temporary contracts",2
"IT",2012-10-01,2012,"Periphery",37.54178,-0.770761221063943,"Individual and collective dismissals (regular contracts)",3.015872955
"IT",2012-10-01,2012,"Periphery",37.54178,-0.770761221063943,"Temporary contracts",2
"IT",2013-01-01,2013,"Periphery",39.50199,-0.832164637836463,"Individual and collective dismissals (regular contracts)",2.932539701
"IT",2013-01-01,2013,"Periphery",39.50199,-0.832164637836463,"Temporary contracts",2
"IT",2013-04-01,2013,"Periphery",38.19849,-0.0234308470108857,"Individual and collective dismissals (regular contracts)",2.932539701
"IT",2013-04-01,2013,"Periphery",38.19849,-0.0234308470108857,"Temporary contracts",2
"IT",2013-07-01,2013,"Periphery",40.4182,0.333765078417692,"Individual and collective dismissals (regular contracts)",2.932539701
"IT",2013-07-01,2013,"Periphery",40.4182,0.333765078417692,"Temporary contracts",2
"IT",2013-10-01,2013,"Periphery",41.97339,-0.147193911226573,"Individual and collective dismissals (regular contracts)",2.932539701
"IT",2013-10-01,2013,"Periphery",41.97339,-0.147193911226573,"Temporary contracts",2
"IT",2014-01-01,2014,"Periphery",43.83171,0.0413815247068072,"Individual and collective dismissals (regular contracts)",2.932539701
"IT",2014-01-01,2014,"Periphery",43.83171,0.0413815247068072,"Temporary contracts",2
"IT",2014-04-01,2014,"Periphery",42.49675,0.0260319343713178,"Individual and collective dismissals (regular contracts)",2.932539701
"IT",2014-04-01,2014,"Periphery",42.49675,0.0260319343713178,"Temporary contracts",2
"IT",2014-07-01,2014,"Periphery",42.56155,0.00796287188986611,"Individual and collective dismissals (regular contracts)",2.932539701
"IT",2014-07-01,2014,"Periphery",42.56155,0.00796287188986611,"Temporary contracts",2
"IT",2014-10-01,2014,"Periphery",41.79013,-0.160849211046532,"Individual and collective dismissals (regular contracts)",2.932539701
"IT",2014-10-01,2014,"Periphery",41.79013,-0.160849211046532,"Temporary contracts",2
"IT",2015-01-01,2015,"Periphery",42.45092,0.400237925699365,"Individual and collective dismissals (regular contracts)",2.932539701
"IT",2015-01-01,2015,"Periphery",42.45092,0.400237925699365,"Temporary contracts",1.625
"IT",2015-04-01,2015,"Periphery",41.94329,0.428877217041013,"Individual and collective dismissals (regular contracts)",2.932539701
"IT",2015-04-01,2015,"Periphery",41.94329,0.428877217041013,"Temporary contracts",1.625
"IT",2015-07-01,2015,"Periphery",38.30296,0.0326566382637949,"Individual and collective dismissals (regular contracts)",2.932539701
"IT",2015-07-01,2015,"Periphery",38.30296,0.0326566382637949,"Temporary contracts",1.625
"IT",2015-10-01,2015,"Periphery",38.43433,0.457070096377521,"Individual and collective dismissals (regular contracts)",2.932539701
"IT",2015-10-01,2015,"Periphery",38.43433,0.457070096377521,"Temporary contracts",1.625
"IT",2016-01-01,2016,"Periphery",37.97861,0.205755630101656,"Individual and collective dismissals (regular contracts)",2.474206448
"IT",2016-01-01,2016,"Periphery",37.97861,0.205755630101656,"Temporary contracts",1.625
"IT",2016-04-01,2016,"Periphery",36.44102,0.323299020013401,"Individual and collective dismissals (regular contracts)",2.474206448
"IT",2016-04-01,2016,"Periphery",36.44102,0.323299020013401,"Temporary contracts",1.625
"IT",2016-07-01,2016,"Periphery",37.2779,0.681788455192134,"Individual and collective dismissals (regular contracts)",2.474206448
"IT",2016-07-01,2016,"Periphery",37.2779,0.681788455192134,"Temporary contracts",1.625
"IT",2016-10-01,2016,"Periphery",39.01798,0.356162000219662,"Individual and collective dismissals (regular contracts)",2.474206448
"IT",2016-10-01,2016,"Periphery",39.01798,0.356162000219662,"Temporary contracts",1.625
"IT",2017-01-01,2017,"Periphery",35.12119,0.482651024644376,"Individual and collective dismissals (regular contracts)",2.474206448
"IT",2017-01-01,2017,"Periphery",35.12119,0.482651024644376,"Temporary contracts",1.625
"IT",2017-04-01,2017,"Periphery",35.17644,0.42697126647262,"Individual and collective dismissals (regular contracts)",2.474206448
"IT",2017-04-01,2017,"Periphery",35.17644,0.42697126647262,"Temporary contracts",1.625
"IT",2017-07-01,2017,"Periphery",34.90856,0.07725055968546,"Individual and collective dismissals (regular contracts)",2.474206448
"IT",2017-07-01,2017,"Periphery",34.90856,0.07725055968546,"Temporary contracts",1.625
"IT",2017-10-01,2017,"Periphery",33.36431,0.592443917369501,"Individual and collective dismissals (regular contracts)",2.474206448
"IT",2017-10-01,2017,"Periphery",33.36431,0.592443917369501,"Temporary contracts",1.625
"IT",2018-01-01,2018,"Periphery",31.73031,-0.144154708175037,"Individual and collective dismissals (regular contracts)",2.474206448
"IT",2018-01-01,2018,"Periphery",31.73031,-0.144154708175037,"Temporary contracts",1.625
"IT",2018-04-01,2018,"Periphery",32.72392,0.278636766630491,"Individual and collective dismissals (regular contracts)",2.474206448
"IT",2018-04-01,2018,"Periphery",32.72392,0.278636766630491,"Temporary contracts",1.625
"IT",2018-07-01,2018,"Periphery",31.80255,-0.088409235188891,"Individual and collective dismissals (regular contracts)",2.474206448
"IT",2018-07-01,2018,"Periphery",31.80255,-0.088409235188891,"Temporary contracts",1.625
"IT",2018-10-01,2018,"Periphery",32.58656,0.277837326048669,"Individual and collective dismissals (regular contracts)",2.474206448
"IT",2018-10-01,2018,"Periphery",32.58656,0.277837326048669,"Temporary contracts",1.625
"IT",2019-01-01,2019,"Periphery",31.16178,0.224425556902297,"Individual and collective dismissals (regular contracts)",2.557539701
"IT",2019-01-01,2019,"Periphery",31.16178,0.224425556902297,"Temporary contracts",3.125
"IT",2019-04-01,2019,"Periphery",29.58275,0.395253509684856,"Individual and collective dismissals (regular contracts)",2.557539701
"IT",2019-04-01,2019,"Periphery",29.58275,0.395253509684856,"Temporary contracts",3.125
"IT",2019-07-01,2019,"Periphery",27.98563,-0.54319197933772,"Individual and collective dismissals (regular contracts)",2.557539701
"IT",2019-07-01,2019,"Periphery",27.98563,-0.54319197933772,"Temporary contracts",3.125
"IT",2019-10-01,2019,"Periphery",27.88443,-0.263499509590126,"Individual and collective dismissals (regular contracts)",2.557539701
"IT",2019-10-01,2019,"Periphery",27.88443,-0.263499509590126,"Temporary contracts",3.125
